;Código do produto;Produto;Valor de compra sem impostos
0;1;Iluminismo Financeiro 2.1;4154.1
1;2;yampa - software financeiro da 4blue;45.5
6;2;yampa - software financeiro da 4blue;45.5
7;2;yampa - software financeiro da 4blue;450.0
9;3;Maratona de Finanças - Experiência VIP;15.7
10;2;yampa - software financeiro da 4blue;45.5
12;2;yampa - software financeiro da 4blue;45.5
13;2;yampa - software financeiro da 4blue;45.5
15;6;Ferramenta: Planilha de Controle Financeiro e Fluxo de Caixa 5.0;57.0
16;2;yampa - software financeiro da 4blue;45.5
17;2;yampa - software financeiro da 4blue;45.5
21;3;Maratona de Finanças - Experiência VIP;15.7
26;3;Maratona de Finanças - Experiência VIP;15.7
27;2;yampa - software financeiro da 4blue;45.5
28;3;Maratona de Finanças - Experiência VIP;15.7
31;2;yampa - software financeiro da 4blue;45.5
32;2;yampa - software financeiro da 4blue;45.5
38;2;yampa - software financeiro da 4blue;45.5
39;2;yampa - software financeiro da 4blue;45.5
40;2;yampa - software financeiro da 4blue;1.0
41;2;yampa - software financeiro da 4blue;45.5
43;2;yampa - software financeiro da 4blue;45.5
44;2;yampa - software financeiro da 4blue;45.5
45;2;yampa - software financeiro da 4blue;45.5
49;7;Finanças 4you -  Curso de Finanças Pessoais da 4blue;145.0
54;2;yampa - software financeiro da 4blue;1.0
56;2;yampa - software financeiro da 4blue;35.5
59;2;yampa - software financeiro da 4blue;45.5
60;2;yampa - software financeiro da 4blue;145.0
64;2;yampa - software financeiro da 4blue;45.5
66;2;yampa - software financeiro da 4blue;45.5
68;2;yampa - software financeiro da 4blue;45.5
69;2;yampa - software financeiro da 4blue;45.5
70;3;Maratona de Finanças - Experiência VIP;15.7
71;2;yampa - software financeiro da 4blue;45.5
72;2;yampa - software financeiro da 4blue;45.5
74;2;yampa - software financeiro da 4blue;45.5
76;2;yampa - software financeiro da 4blue;145.0
77;2;yampa - software financeiro da 4blue;45.5
78;2;yampa - software financeiro da 4blue;45.5
81;2;yampa - software financeiro da 4blue;45.5
86;3;Maratona de Finanças - Experiência VIP;15.7
89;3;Maratona de Finanças - Experiência VIP;15.7
91;3;Maratona de Finanças - Experiência VIP;15.7
94;1;Iluminismo Financeiro 2.1;4154.1
95;3;Maratona de Finanças - Experiência VIP;15.7
96;2;yampa - software financeiro da 4blue;45.5
100;2;yampa - software financeiro da 4blue;45.5
107;2;yampa - software financeiro da 4blue;45.5
108;2;yampa - software financeiro da 4blue;145.0
110;3;Maratona de Finanças - Experiência VIP;15.7
112;3;Maratona de Finanças - Experiência VIP;15.7
114;3;Maratona de Finanças - Experiência VIP;15.7
115;3;Maratona de Finanças - Experiência VIP;15.7
116;3;Maratona de Finanças - Experiência VIP;15.7
117;10;Formação em Gestão Financeira Online;535.0
118;11;Curso de Controle Financeiro e Fluxo de Caixa;155.0
120;12;Ferramenta de Ponto de Equilíbrio ;35.5
121;13;Curso de Precificação para Produtos e Serviços;357.0
124;2;yampa - software financeiro da 4blue;45.5
125;2;yampa - software financeiro da 4blue;45.5
127;1;Iluminismo Financeiro 2.1;445.0
128;2;yampa - software financeiro da 4blue;45.5
129;13;Curso de Precificação para Produtos e Serviços;357.0
130;2;yampa - software financeiro da 4blue;45.5
131;2;yampa - software financeiro da 4blue;45.5
134;2;yampa - software financeiro da 4blue;45.5
135;2;yampa - software financeiro da 4blue;45.5
137;2;yampa - software financeiro da 4blue;45.5
138;2;yampa - software financeiro da 4blue;45.5
139;2;yampa - software financeiro da 4blue;45.5
140;2;yampa - software financeiro da 4blue;45.5
143;2;yampa - software financeiro da 4blue;45.5
146;2;yampa - software financeiro da 4blue;45.5
147;2;yampa - software financeiro da 4blue;45.5
148;2;yampa - software financeiro da 4blue;45.5
152;2;yampa - software financeiro da 4blue;45.5
155;2;yampa - software financeiro da 4blue;45.5
156;2;yampa - software financeiro da 4blue;45.5
158;2;yampa - software financeiro da 4blue;45.5
159;14;Iluminismo Financeiro 2.0;300.0
160;3;Maratona de Finanças - Experiência VIP;15.7
161;2;yampa - software financeiro da 4blue;45.5
162;14;Iluminismo Financeiro 2.0;555.0
163;2;yampa - software financeiro da 4blue;45.5
167;3;Maratona de Finanças - Experiência VIP;15.7
168;3;Maratona de Finanças - Experiência VIP;15.7
170;2;yampa - software financeiro da 4blue;145.0
172;15;Gestão Financeira Lucrativa 1.0;1557.0
174;3;Maratona de Finanças - Experiência VIP;15.7
177;2;yampa - software financeiro da 4blue;45.5
178;2;yampa - software financeiro da 4blue;45.5
181;1;Iluminismo Financeiro 2.1;445.0
183;13;Curso de Precificação para Produtos e Serviços;138.58
184;2;yampa - software financeiro da 4blue;45.5
185;2;yampa - software financeiro da 4blue;45.5
187;2;yampa - software financeiro da 4blue;45.5
188;2;yampa - software financeiro da 4blue;45.5
189;2;yampa - software financeiro da 4blue;45.5
190;2;yampa - software financeiro da 4blue;45.5
193;2;yampa - software financeiro da 4blue;45.5
194;2;yampa - software financeiro da 4blue;45.5
195;2;yampa - software financeiro da 4blue;45.5
197;2;yampa - software financeiro da 4blue;45.5
198;2;yampa - software financeiro da 4blue;45.5
199;2;yampa - software financeiro da 4blue;45.5
200;2;yampa - software financeiro da 4blue;45.5
201;2;yampa - software financeiro da 4blue;45.5
202;2;yampa - software financeiro da 4blue;45.5
203;2;yampa - software financeiro da 4blue;45.5
204;13;Curso de Precificação para Produtos e Serviços;357.0
205;2;yampa - software financeiro da 4blue;45.5
206;2;yampa - software financeiro da 4blue;45.5
208;2;yampa - software financeiro da 4blue;45.5
210;2;yampa - software financeiro da 4blue;45.5
211;2;yampa - software financeiro da 4blue;45.5
212;2;yampa - software financeiro da 4blue;35.5
213;2;yampa - software financeiro da 4blue;45.5
215;2;yampa - software financeiro da 4blue;45.5
216;2;yampa - software financeiro da 4blue;45.5
218;14;Iluminismo Financeiro 2.0;555.0
221;2;yampa - software financeiro da 4blue;145.0
222;2;yampa - software financeiro da 4blue;45.5
226;3;Maratona de Finanças - Experiência VIP;15.7
227;4;Precificação para Produtos;157.0
228;6;Ferramenta: Planilha de Controle Financeiro e Fluxo de Caixa 5.0;57.0
229;2;yampa - software financeiro da 4blue;1.0
230;4;Precificação para Produtos;157.0
232;2;yampa - software financeiro da 4blue;1.0
235;3;Maratona de Finanças - Experiência VIP;15.7
237;13;Curso de Precificação para Produtos e Serviços;147.0
238;2;yampa - software financeiro da 4blue;45.5
239;2;yampa - software financeiro da 4blue;145.0
242;13;Curso de Precificação para Produtos e Serviços;147.0
243;2;yampa - software financeiro da 4blue;145.0
244;2;yampa - software financeiro da 4blue;45.5
245;2;yampa - software financeiro da 4blue;450.0
246;17;Precificação para Serviços;157.0
247;3;Maratona de Finanças - Experiência VIP;30.88
248;2;yampa - software financeiro da 4blue;1.0
249;3;Maratona de Finanças - Experiência VIP;15.7
250;2;yampa - software financeiro da 4blue;45.5
251;16;Gestão Financeira Lucrativa 3.0;557.0
252;3;Maratona de Finanças - Experiência VIP;15.7
253;3;Maratona de Finanças - Experiência VIP;15.7
256;2;yampa - software financeiro da 4blue;45.5
259;2;yampa - software financeiro da 4blue;45.5
260;2;yampa - software financeiro da 4blue;45.5
261;2;yampa - software financeiro da 4blue;45.5
262;2;yampa - software financeiro da 4blue;45.5
265;16;Gestão Financeira Lucrativa 3.0;557.0
267;3;Maratona de Finanças - Experiência VIP;15.7
268;2;yampa - software financeiro da 4blue;45.5
269;2;yampa - software financeiro da 4blue;45.5
271;13;Curso de Precificação para Produtos e Serviços;357.0
272;2;yampa - software financeiro da 4blue;45.5
274;3;Maratona de Finanças - Experiência VIP;15.7
276;2;yampa - software financeiro da 4blue;45.5
277;2;yampa - software financeiro da 4blue;1.0
278;3;Maratona de Finanças - Experiência VIP;15.7
279;2;yampa - software financeiro da 4blue;1.0
281;2;yampa - software financeiro da 4blue;45.5
282;3;Maratona de Finanças - Experiência VIP;15.7
283;2;yampa - software financeiro da 4blue;45.5
285;18;Ferramenta de Precificação Turbinada para Produtos e Serviços;500.0
287;2;yampa - software financeiro da 4blue;45.5
289;3;Maratona de Finanças - Experiência VIP;15.7
292;3;Maratona de Finanças - Experiência VIP;30.88
295;2;yampa - software financeiro da 4blue;1.0
297;3;Maratona de Finanças - Experiência VIP;15.7
298;3;Maratona de Finanças - Experiência VIP;15.7
301;3;Maratona de Finanças - Experiência VIP;15.7
305;3;Maratona de Finanças - Experiência VIP;15.7
306;3;Maratona de Finanças - Experiência VIP;15.7
307;3;Maratona de Finanças - Experiência VIP;15.7
308;3;Maratona de Finanças - Experiência VIP;15.7
309;3;Maratona de Finanças - Experiência VIP;15.7
311;3;Maratona de Finanças - Experiência VIP;15.7
312;3;Maratona de Finanças - Experiência VIP;15.7
313;2;yampa - software financeiro da 4blue;45.5
314;19;Ferramenta de Contas a Pagar ;35.5
315;3;Maratona de Finanças - Experiência VIP;15.7
316;20;14 Técnicas para Vender Mais 2.0;457.0
318;2;yampa - software financeiro da 4blue;1.0
319;2;yampa - software financeiro da 4blue;45.5
320;3;Maratona de Finanças - Experiência VIP;15.7
321;13;Curso de Precificação para Produtos e Serviços;357.0
324;1;Iluminismo Financeiro 2.1;455.0
326;4;Precificação para Produtos;157.0
327;3;Maratona de Finanças - Experiência VIP;15.7
328;3;Maratona de Finanças - Experiência VIP;15.7
329;2;yampa - software financeiro da 4blue;1.0
331;3;Maratona de Finanças - Experiência VIP;15.7
332;2;yampa - software financeiro da 4blue;45.5
333;2;yampa - software financeiro da 4blue;45.5
334;16;Gestão Financeira Lucrativa 3.0;557.0
335;21;Curso de Gestão e Planejamento Estratégico (FGE);550.0
336;2;yampa - software financeiro da 4blue;45.5
337;3;Maratona de Finanças - Experiência VIP;15.7
339;3;Maratona de Finanças - Experiência VIP;15.7
341;3;Maratona de Finanças - Experiência VIP;15.7
342;2;yampa - software financeiro da 4blue;1.0
346;16;Gestão Financeira Lucrativa 3.0;557.0
347;2;yampa - software financeiro da 4blue;1.0
348;3;Maratona de Finanças - Experiência VIP;15.7
349;2;yampa - software financeiro da 4blue;1.0
350;13;Curso de Precificação para Produtos e Serviços;357.0
353;2;yampa - software financeiro da 4blue;45.5
354;2;yampa - software financeiro da 4blue;45.5
355;3;Maratona de Finanças - Experiência VIP;15.7
357;2;yampa - software financeiro da 4blue;45.5
359;2;yampa - software financeiro da 4blue;45.5
360;2;yampa - software financeiro da 4blue;45.5
361;2;yampa - software financeiro da 4blue;45.5
362;1;Iluminismo Financeiro 2.1;1135.34
363;2;yampa - software financeiro da 4blue;45.5
364;2;yampa - software financeiro da 4blue;1.0
366;2;yampa - software financeiro da 4blue;45.5
368;2;yampa - software financeiro da 4blue;45.5
369;3;Maratona de Finanças - Experiência VIP;15.7
370;2;yampa - software financeiro da 4blue;45.5
371;2;yampa - software financeiro da 4blue;45.5
372;3;Maratona de Finanças - Experiência VIP;15.7
373;2;yampa - software financeiro da 4blue;45.5
374;2;yampa - software financeiro da 4blue;45.5
375;16;Gestão Financeira Lucrativa 3.0;557.0
377;3;Maratona de Finanças - Experiência VIP;15.7
378;2;yampa - software financeiro da 4blue;45.5
379;2;yampa - software financeiro da 4blue;45.5
381;2;yampa - software financeiro da 4blue;45.5
382;3;Maratona de Finanças - Experiência VIP;15.7
383;2;yampa - software financeiro da 4blue;45.5
385;3;Maratona de Finanças - Experiência VIP;15.7
386;3;Maratona de Finanças - Experiência VIP;15.7
388;3;Maratona de Finanças - Experiência VIP;15.7
390;2;yampa - software financeiro da 4blue;45.5
391;2;yampa - software financeiro da 4blue;1.0
396;2;yampa - software financeiro da 4blue;450.0
397;2;yampa - software financeiro da 4blue;45.5
398;2;yampa - software financeiro da 4blue;1.0
399;2;yampa - software financeiro da 4blue;45.5
400;3;Maratona de Finanças - Experiência VIP;30.88
404;3;Maratona de Finanças - Experiência VIP;15.7
406;7;Finanças 4you -  Curso de Finanças Pessoais da 4blue;145.0
407;2;yampa - software financeiro da 4blue;45.5
410;2;yampa - software financeiro da 4blue;450.0
413;3;Maratona de Finanças - Experiência VIP;15.7
414;3;Maratona de Finanças - Experiência VIP;15.7
416;16;Gestão Financeira Lucrativa 3.0;557.0
417;16;Gestão Financeira Lucrativa 3.0;557.0
418;16;Gestão Financeira Lucrativa 3.0;557.0
419;16;Gestão Financeira Lucrativa 3.0;557.0
420;16;Gestão Financeira Lucrativa 3.0;557.0
421;16;Gestão Financeira Lucrativa 3.0;557.0
422;16;Gestão Financeira Lucrativa 3.0;557.0
423;16;Gestão Financeira Lucrativa 3.0;557.0
425;3;Maratona de Finanças - Experiência VIP;15.7
426;2;yampa - software financeiro da 4blue;1.0
427;3;Maratona de Finanças - Experiência VIP;15.7
428;2;yampa - software financeiro da 4blue;45.5
429;3;Maratona de Finanças - Experiência VIP;15.7
430;3;Maratona de Finanças - Experiência VIP;15.7
431;2;yampa - software financeiro da 4blue;45.5
432;2;yampa - software financeiro da 4blue;45.5
433;1;Iluminismo Financeiro 2.1;1113.31
434;17;Precificação para Serviços;157.0
435;2;yampa - software financeiro da 4blue;45.5
436;13;Curso de Precificação para Produtos e Serviços;147.0
437;2;yampa - software financeiro da 4blue;45.5
438;2;yampa - software financeiro da 4blue;1.0
439;16;Gestão Financeira Lucrativa 3.0;557.0
440;2;yampa - software financeiro da 4blue;1.0
443;20;14 Técnicas para Vender Mais 2.0;457.0
444;13;Curso de Precificação para Produtos e Serviços;357.0
447;3;Maratona de Finanças - Experiência VIP;15.7
449;3;Maratona de Finanças - Experiência VIP;15.7
450;2;yampa - software financeiro da 4blue;145.0
453;3;Maratona de Finanças - Experiência VIP;15.7
454;3;Maratona de Finanças - Experiência VIP;15.7
456;3;Maratona de Finanças - Experiência VIP;15.7
457;2;yampa - software financeiro da 4blue;45.5
458;2;yampa - software financeiro da 4blue;1.0
461;2;yampa - software financeiro da 4blue;45.5
462;2;yampa - software financeiro da 4blue;45.5
463;2;yampa - software financeiro da 4blue;45.5
464;2;yampa - software financeiro da 4blue;45.5
466;2;yampa - software financeiro da 4blue;45.5
467;2;yampa - software financeiro da 4blue;45.5
468;2;yampa - software financeiro da 4blue;45.5
469;2;yampa - software financeiro da 4blue;45.5
470;3;Maratona de Finanças - Experiência VIP;15.7
471;2;yampa - software financeiro da 4blue;45.5
472;2;yampa - software financeiro da 4blue;45.5
473;2;yampa - software financeiro da 4blue;45.5
475;2;yampa - software financeiro da 4blue;45.5
476;2;yampa - software financeiro da 4blue;45.5
477;2;yampa - software financeiro da 4blue;45.5
478;3;Maratona de Finanças - Experiência VIP;15.7
479;2;yampa - software financeiro da 4blue;1.0
481;3;Maratona de Finanças - Experiência VIP;15.7
482;2;yampa - software financeiro da 4blue;45.5
485;2;yampa - software financeiro da 4blue;45.5
486;3;Maratona de Finanças - Experiência VIP;15.7
487;2;yampa - software financeiro da 4blue;45.5
488;3;Maratona de Finanças - Experiência VIP;15.7
489;2;yampa - software financeiro da 4blue;45.5
490;2;yampa - software financeiro da 4blue;45.5
491;2;yampa - software financeiro da 4blue;45.5
493;2;yampa - software financeiro da 4blue;45.5
496;2;yampa - software financeiro da 4blue;145.0
497;2;yampa - software financeiro da 4blue;450.0
498;1;Iluminismo Financeiro 2.1;4154.1
499;2;yampa - software financeiro da 4blue;1.0
500;3;Maratona de Finanças - Experiência VIP;15.7
503;3;Maratona de Finanças - Experiência VIP;15.7
508;2;yampa - software financeiro da 4blue;1.0
511;3;Maratona de Finanças - Experiência VIP;15.7
512;3;Maratona de Finanças - Experiência VIP;15.7
514;3;Maratona de Finanças - Experiência VIP;15.7
515;3;Maratona de Finanças - Experiência VIP;15.7
516;3;Maratona de Finanças - Experiência VIP;15.7
517;3;Maratona de Finanças - Experiência VIP;15.7
521;6;Ferramenta: Planilha de Controle Financeiro e Fluxo de Caixa 5.0;57.0
522;22;Ferramenta de Finanças Pessoais - Básico;15.5
523;2;yampa - software financeiro da 4blue;45.5
524;3;Maratona de Finanças - Experiência VIP;15.7
525;22;Ferramenta de Finanças Pessoais - Básico;15.5
526;2;yampa - software financeiro da 4blue;1.0
527;7;Finanças 4you -  Curso de Finanças Pessoais da 4blue;145.0
528;13;Curso de Precificação para Produtos e Serviços;357.0
529;2;yampa - software financeiro da 4blue;45.5
530;23;Curso de Separação das Finanças;157.0
533;7;Finanças 4you -  Curso de Finanças Pessoais da 4blue;145.0
534;13;Curso de Precificação para Produtos e Serviços;357.0
535;13;Curso de Precificação para Produtos e Serviços;147.0
536;2;yampa - software financeiro da 4blue;45.5
537;3;Maratona de Finanças - Experiência VIP;15.7
539;13;Curso de Precificação para Produtos e Serviços;357.0
542;16;Gestão Financeira Lucrativa 3.0;557.0
543;2;yampa - software financeiro da 4blue;1.0
545;2;yampa - software financeiro da 4blue;45.5
546;2;yampa - software financeiro da 4blue;145.0
548;1;Iluminismo Financeiro 2.1;455.0
549;2;yampa - software financeiro da 4blue;1.0
551;2;yampa - software financeiro da 4blue;45.5
552;2;yampa - software financeiro da 4blue;1.0
564;2;yampa - software financeiro da 4blue;45.5
565;2;yampa - software financeiro da 4blue;45.5
567;2;yampa - software financeiro da 4blue;45.5
568;2;yampa - software financeiro da 4blue;45.5
570;2;yampa - software financeiro da 4blue;45.5
572;2;yampa - software financeiro da 4blue;45.5
573;2;yampa - software financeiro da 4blue;45.5
574;2;yampa - software financeiro da 4blue;45.5
576;2;yampa - software financeiro da 4blue;45.5
577;1;Iluminismo Financeiro 2.1;3000.0
578;3;Maratona de Finanças - Experiência VIP;15.7
579;2;yampa - software financeiro da 4blue;45.5
580;2;yampa - software financeiro da 4blue;45.5
582;2;yampa - software financeiro da 4blue;1.0
585;2;yampa - software financeiro da 4blue;45.5
587;2;yampa - software financeiro da 4blue;45.5
589;2;yampa - software financeiro da 4blue;45.5
590;2;yampa - software financeiro da 4blue;45.5
591;2;yampa - software financeiro da 4blue;45.5
593;2;yampa - software financeiro da 4blue;1.0
594;2;yampa - software financeiro da 4blue;1.0
595;2;yampa - software financeiro da 4blue;45.5
596;2;yampa - software financeiro da 4blue;145.0
597;2;yampa - software financeiro da 4blue;1.0
598;2;yampa - software financeiro da 4blue;45.5
599;6;Ferramenta: Planilha de Controle Financeiro e Fluxo de Caixa 5.0;57.0
600;2;yampa - software financeiro da 4blue;145.0
601;2;yampa - software financeiro da 4blue;45.5
602;2;yampa - software financeiro da 4blue;45.5
603;2;yampa - software financeiro da 4blue;45.5
606;2;yampa - software financeiro da 4blue;45.5
607;2;yampa - software financeiro da 4blue;1.0
612;1;Iluminismo Financeiro 2.1;4154.1
614;1;Iluminismo Financeiro 2.1;455.0
616;3;Maratona de Finanças - Experiência VIP;15.7
619;2;yampa - software financeiro da 4blue;45.5
620;2;yampa - software financeiro da 4blue;1.0
621;2;yampa - software financeiro da 4blue;45.5
623;15;Gestão Financeira Lucrativa 1.0;1557.0
624;2;yampa - software financeiro da 4blue;45.5
627;2;yampa - software financeiro da 4blue;45.5
631;2;yampa - software financeiro da 4blue;45.5
637;2;yampa - software financeiro da 4blue;45.5
639;2;yampa - software financeiro da 4blue;45.5
641;2;yampa - software financeiro da 4blue;45.5
646;2;yampa - software financeiro da 4blue;145.0
647;3;Maratona de Finanças - Experiência VIP;15.7
650;1;Iluminismo Financeiro 2.1;455.0
653;3;Maratona de Finanças - Experiência VIP;15.7
654;3;Maratona de Finanças - Experiência VIP;15.7
656;3;Maratona de Finanças - Experiência VIP;15.7
657;3;Maratona de Finanças - Experiência VIP;15.7
658;2;yampa - software financeiro da 4blue;450.0
663;1;Iluminismo Financeiro 2.1;455.0
670;2;yampa - software financeiro da 4blue;45.5
682;1;Iluminismo Financeiro 2.1;4154.1
687;1;Iluminismo Financeiro 2.1;4550.0
688;1;Iluminismo Financeiro 2.1;4154.1
689;1;Iluminismo Financeiro 2.1;3148.1
693;1;Iluminismo Financeiro 2.1;455.0
694;1;Iluminismo Financeiro 2.1;455.0
695;1;Iluminismo Financeiro 2.1;455.0
699;1;Iluminismo Financeiro 2.1;455.0
708;1;Iluminismo Financeiro 2.1;455.0
711;2;yampa - software financeiro da 4blue;1.0
712;3;Maratona de Finanças - Experiência VIP;15.7
713;3;Maratona de Finanças - Experiência VIP;15.7
718;3;Maratona de Finanças - Experiência VIP;15.7
719;10;Formação em Gestão Financeira Online;535.0
720;11;Curso de Controle Financeiro e Fluxo de Caixa;357.0
721;2;yampa - software financeiro da 4blue;1.0
723;2;yampa - software financeiro da 4blue;45.5
724;2;yampa - software financeiro da 4blue;45.5
725;2;yampa - software financeiro da 4blue;45.5
726;6;Ferramenta: Planilha de Controle Financeiro e Fluxo de Caixa 5.0;145.0
727;2;yampa - software financeiro da 4blue;45.5
728;2;yampa - software financeiro da 4blue;45.5
730;2;yampa - software financeiro da 4blue;1.0
731;2;yampa - software financeiro da 4blue;1.0
733;2;yampa - software financeiro da 4blue;145.0
734;13;Curso de Precificação para Produtos e Serviços;357.0
735;2;yampa - software financeiro da 4blue;45.5
737;2;yampa - software financeiro da 4blue;45.5
738;2;yampa - software financeiro da 4blue;1.0
739;2;yampa - software financeiro da 4blue;45.5
740;2;yampa - software financeiro da 4blue;45.5
741;2;yampa - software financeiro da 4blue;45.5
743;2;yampa - software financeiro da 4blue;45.5
744;2;yampa - software financeiro da 4blue;45.5
745;2;yampa - software financeiro da 4blue;45.5
746;2;yampa - software financeiro da 4blue;35.5
747;2;yampa - software financeiro da 4blue;45.5
748;2;yampa - software financeiro da 4blue;1.0
749;2;yampa - software financeiro da 4blue;45.5
750;2;yampa - software financeiro da 4blue;45.5
751;2;yampa - software financeiro da 4blue;45.5
752;2;yampa - software financeiro da 4blue;45.5
753;2;yampa - software financeiro da 4blue;45.5
754;2;yampa - software financeiro da 4blue;45.5
755;2;yampa - software financeiro da 4blue;145.0
756;2;yampa - software financeiro da 4blue;45.5
757;2;yampa - software financeiro da 4blue;45.5
760;2;yampa - software financeiro da 4blue;45.5
761;2;yampa - software financeiro da 4blue;45.5
762;2;yampa - software financeiro da 4blue;1.0
763;2;yampa - software financeiro da 4blue;45.5
765;2;yampa - software financeiro da 4blue;1.0
766;2;yampa - software financeiro da 4blue;1.0
767;2;yampa - software financeiro da 4blue;45.5
768;6;Ferramenta: Planilha de Controle Financeiro e Fluxo de Caixa 5.0;145.0
770;2;yampa - software financeiro da 4blue;145.0
772;2;yampa - software financeiro da 4blue;45.5
773;2;yampa - software financeiro da 4blue;1.0
774;2;yampa - software financeiro da 4blue;45.5
776;2;yampa - software financeiro da 4blue;45.5
778;2;yampa - software financeiro da 4blue;45.5
779;2;yampa - software financeiro da 4blue;45.5
780;2;yampa - software financeiro da 4blue;45.5
782;2;yampa - software financeiro da 4blue;45.5
783;2;yampa - software financeiro da 4blue;45.5
784;2;yampa - software financeiro da 4blue;45.5
786;2;yampa - software financeiro da 4blue;45.5
787;2;yampa - software financeiro da 4blue;45.5
788;2;yampa - software financeiro da 4blue;45.5
789;2;yampa - software financeiro da 4blue;45.5
792;2;yampa - software financeiro da 4blue;45.5
793;2;yampa - software financeiro da 4blue;45.5
794;2;yampa - software financeiro da 4blue;45.5
796;2;yampa - software financeiro da 4blue;45.5
799;2;yampa - software financeiro da 4blue;1.0
800;2;yampa - software financeiro da 4blue;145.0
802;2;yampa - software financeiro da 4blue;45.5
803;2;yampa - software financeiro da 4blue;45.5
804;2;yampa - software financeiro da 4blue;45.5
805;2;yampa - software financeiro da 4blue;45.5
806;2;yampa - software financeiro da 4blue;35.5
808;2;yampa - software financeiro da 4blue;45.5
809;2;yampa - software financeiro da 4blue;45.5
810;2;yampa - software financeiro da 4blue;45.5
811;2;yampa - software financeiro da 4blue;45.5
815;2;yampa - software financeiro da 4blue;45.5
816;2;yampa - software financeiro da 4blue;45.5
817;2;yampa - software financeiro da 4blue;45.5
818;2;yampa - software financeiro da 4blue;45.5
819;2;yampa - software financeiro da 4blue;45.5
823;2;yampa - software financeiro da 4blue;45.5
824;2;yampa - software financeiro da 4blue;45.5
826;2;yampa - software financeiro da 4blue;45.5
831;2;yampa - software financeiro da 4blue;45.5
832;2;yampa - software financeiro da 4blue;45.5
833;2;yampa - software financeiro da 4blue;145.0
835;2;yampa - software financeiro da 4blue;45.5
836;2;yampa - software financeiro da 4blue;45.5
838;16;Gestão Financeira Lucrativa 3.0;557.0
839;2;yampa - software financeiro da 4blue;45.5
840;2;yampa - software financeiro da 4blue;45.5
841;2;yampa - software financeiro da 4blue;45.5
842;2;yampa - software financeiro da 4blue;45.5
843;13;Curso de Precificação para Produtos e Serviços;55.0
844;2;yampa - software financeiro da 4blue;145.0
845;2;yampa - software financeiro da 4blue;115.0
846;1;Iluminismo Financeiro 2.1;355.0
847;2;yampa - software financeiro da 4blue;1.0
849;16;Gestão Financeira Lucrativa 3.0;557.0
850;13;Curso de Precificação para Produtos e Serviços;147.0
851;2;yampa - software financeiro da 4blue;450.0
852;2;yampa - software financeiro da 4blue;1.0
853;2;yampa - software financeiro da 4blue;45.5
856;2;yampa - software financeiro da 4blue;145.0
858;25;Curso de Produtividade e Gestão do Tempo para Empreendedores;157.0
859;2;yampa - software financeiro da 4blue;45.5
860;2;yampa - software financeiro da 4blue;450.0
862;2;yampa - software financeiro da 4blue;1.0
864;2;yampa - software financeiro da 4blue;450.0
865;1;Iluminismo Financeiro 2.1;4550.0
868;2;yampa - software financeiro da 4blue;45.5
872;16;Gestão Financeira Lucrativa 3.0;557.0
873;17;Precificação para Serviços;157.0
875;25;Curso de Produtividade e Gestão do Tempo para Empreendedores;157.0
877;2;yampa - software financeiro da 4blue;45.5
878;2;yampa - software financeiro da 4blue;1.0
886;2;yampa - software financeiro da 4blue;45.5
888;2;yampa - software financeiro da 4blue;45.5
889;16;Gestão Financeira Lucrativa 3.0;557.0
890;2;yampa - software financeiro da 4blue;45.5
892;2;yampa - software financeiro da 4blue;1.0
893;2;yampa - software financeiro da 4blue;45.5
894;2;yampa - software financeiro da 4blue;45.5
895;2;yampa - software financeiro da 4blue;45.5
896;2;yampa - software financeiro da 4blue;45.5
897;2;yampa - software financeiro da 4blue;45.5
898;2;yampa - software financeiro da 4blue;45.5
902;1;Iluminismo Financeiro 2.1;455.0
903;2;yampa - software financeiro da 4blue;45.5
905;2;yampa - software financeiro da 4blue;45.5
906;2;yampa - software financeiro da 4blue;45.5
907;1;Iluminismo Financeiro 2.1;455.0
908;2;yampa - software financeiro da 4blue;1.0
909;16;Gestão Financeira Lucrativa 3.0;557.0
911;2;yampa - software financeiro da 4blue;45.5
912;2;yampa - software financeiro da 4blue;45.5
913;2;yampa - software financeiro da 4blue;45.5
917;2;yampa - software financeiro da 4blue;45.5
918;2;yampa - software financeiro da 4blue;45.5
921;2;yampa - software financeiro da 4blue;45.5
925;2;yampa - software financeiro da 4blue;45.5
926;2;yampa - software financeiro da 4blue;45.5
928;16;Gestão Financeira Lucrativa 3.0;557.0
929;13;Curso de Precificação para Produtos e Serviços;55.0
930;2;yampa - software financeiro da 4blue;145.0
931;2;yampa - software financeiro da 4blue;45.5
933;16;Gestão Financeira Lucrativa 3.0;557.0
936;16;Gestão Financeira Lucrativa 3.0;557.0
941;2;yampa - software financeiro da 4blue;45.5
942;13;Curso de Precificação para Produtos e Serviços;357.0
943;16;Gestão Financeira Lucrativa 3.0;557.0
944;2;yampa - software financeiro da 4blue;1.0
945;16;Gestão Financeira Lucrativa 3.0;557.0
948;2;yampa - software financeiro da 4blue;1.0
949;17;Precificação para Serviços;157.0
951;2;yampa - software financeiro da 4blue;1.0
952;2;yampa - software financeiro da 4blue;45.5
953;2;yampa - software financeiro da 4blue;45.5
955;2;yampa - software financeiro da 4blue;45.5
956;2;yampa - software financeiro da 4blue;45.5
960;2;yampa - software financeiro da 4blue;45.5
962;13;Curso de Precificação para Produtos e Serviços;55.0
963;2;yampa - software financeiro da 4blue;45.5
964;2;yampa - software financeiro da 4blue;45.5
969;2;yampa - software financeiro da 4blue;45.5
971;2;yampa - software financeiro da 4blue;145.0
972;2;yampa - software financeiro da 4blue;45.5
975;2;yampa - software financeiro da 4blue;45.5
976;2;yampa - software financeiro da 4blue;45.5
978;2;yampa - software financeiro da 4blue;45.5
980;2;yampa - software financeiro da 4blue;45.5
981;2;yampa - software financeiro da 4blue;45.5
982;2;yampa - software financeiro da 4blue;145.0
986;2;yampa - software financeiro da 4blue;1.0
987;16;Gestão Financeira Lucrativa 3.0;557.0
988;2;yampa - software financeiro da 4blue;45.5
992;16;Gestão Financeira Lucrativa 3.0;557.0
993;16;Gestão Financeira Lucrativa 3.0;557.0
994;13;Curso de Precificação para Produtos e Serviços;55.0
995;2;yampa - software financeiro da 4blue;45.5
996;25;Curso de Produtividade e Gestão do Tempo para Empreendedores;147.0
997;16;Gestão Financeira Lucrativa 3.0;557.0
1001;16;Gestão Financeira Lucrativa 3.0;557.0
1002;16;Gestão Financeira Lucrativa 3.0;557.0
1005;16;Gestão Financeira Lucrativa 3.0;557.0
1011;16;Gestão Financeira Lucrativa 3.0;557.0
1021;16;Gestão Financeira Lucrativa 3.0;557.0
1022;16;Gestão Financeira Lucrativa 3.0;557.0
1027;16;Gestão Financeira Lucrativa 3.0;557.0
1029;16;Gestão Financeira Lucrativa 3.0;557.0
1030;16;Gestão Financeira Lucrativa 3.0;557.0
1032;2;yampa - software financeiro da 4blue;45.5
1033;5;Gestão Financeira Lucrativa 2.0;175.11
1036;2;yampa - software financeiro da 4blue;1.0
1037;1;Iluminismo Financeiro 2.1;455.0
1039;2;yampa - software financeiro da 4blue;45.5
1040;2;yampa - software financeiro da 4blue;45.5
1041;11;Curso de Controle Financeiro e Fluxo de Caixa;357.0
1042;23;Curso de Separação das Finanças;157.0
1043;13;Curso de Precificação para Produtos e Serviços;357.0
1044;15;Gestão Financeira Lucrativa 1.0;757.0
1045;2;yampa - software financeiro da 4blue;145.0
1046;2;yampa - software financeiro da 4blue;45.5
1047;2;yampa - software financeiro da 4blue;45.5
1048;2;yampa - software financeiro da 4blue;45.5
1050;2;yampa - software financeiro da 4blue;45.5
1051;2;yampa - software financeiro da 4blue;45.5
1053;2;yampa - software financeiro da 4blue;45.5
1054;2;yampa - software financeiro da 4blue;45.5
1055;2;yampa - software financeiro da 4blue;45.5
1056;2;yampa - software financeiro da 4blue;45.5
1061;2;yampa - software financeiro da 4blue;45.5
1062;2;yampa - software financeiro da 4blue;1.0
1065;2;yampa - software financeiro da 4blue;145.0
1069;2;yampa - software financeiro da 4blue;45.5
1071;2;yampa - software financeiro da 4blue;1.0
1072;2;yampa - software financeiro da 4blue;45.5
1073;2;yampa - software financeiro da 4blue;450.0
1074;2;yampa - software financeiro da 4blue;1.0
1075;2;yampa - software financeiro da 4blue;145.0
1076;2;yampa - software financeiro da 4blue;45.5
1077;2;yampa - software financeiro da 4blue;45.5
1078;2;yampa - software financeiro da 4blue;45.5
1079;2;yampa - software financeiro da 4blue;45.5
1081;2;yampa - software financeiro da 4blue;45.5
1082;2;yampa - software financeiro da 4blue;45.5
1083;2;yampa - software financeiro da 4blue;45.5
1084;2;yampa - software financeiro da 4blue;45.5
1086;2;yampa - software financeiro da 4blue;45.5
1087;24;Yampa - Sistema de Controle Financeiro para Pequenas Empresas;5.0
1088;2;yampa - software financeiro da 4blue;45.5
1089;2;yampa - software financeiro da 4blue;45.5
1090;2;yampa - software financeiro da 4blue;45.5
1091;2;yampa - software financeiro da 4blue;450.0
1093;2;yampa - software financeiro da 4blue;1.0
1094;2;yampa - software financeiro da 4blue;1.0
1095;5;Gestão Financeira Lucrativa 2.0;175.11
1096;2;yampa - software financeiro da 4blue;1.0
1098;2;yampa - software financeiro da 4blue;1.0
1099;5;Gestão Financeira Lucrativa 2.0;175.11
1100;13;Curso de Precificação para Produtos e Serviços;357.0
1101;2;yampa - software financeiro da 4blue;45.5
1103;2;yampa - software financeiro da 4blue;45.5
1104;2;yampa - software financeiro da 4blue;45.5
1106;2;yampa - software financeiro da 4blue;45.5
1108;2;yampa - software financeiro da 4blue;45.5
1109;2;yampa - software financeiro da 4blue;45.5
1110;2;yampa - software financeiro da 4blue;45.5
1111;2;yampa - software financeiro da 4blue;45.5
1112;13;Curso de Precificação para Produtos e Serviços;138.58
1116;2;yampa - software financeiro da 4blue;45.5
1118;2;yampa - software financeiro da 4blue;1.0
1120;2;yampa - software financeiro da 4blue;45.5
1121;2;yampa - software financeiro da 4blue;45.5
1122;2;yampa - software financeiro da 4blue;45.5
1123;2;yampa - software financeiro da 4blue;45.5
1125;2;yampa - software financeiro da 4blue;45.5
1126;2;yampa - software financeiro da 4blue;45.5
1127;2;yampa - software financeiro da 4blue;1.0
1129;2;yampa - software financeiro da 4blue;1.0
1130;16;Gestão Financeira Lucrativa 3.0;557.0
1131;27;Ferramenta: Turbinador de Lucros!;55.0
1132;16;Gestão Financeira Lucrativa 3.0;557.0
1133;2;yampa - software financeiro da 4blue;145.0
1134;4;Precificação para Produtos;157.0
1136;2;yampa - software financeiro da 4blue;1.0
1138;2;yampa - software financeiro da 4blue;45.5
1148;2;yampa - software financeiro da 4blue;45.5
1153;2;yampa - software financeiro da 4blue;45.5
1154;2;yampa - software financeiro da 4blue;45.5
1156;2;yampa - software financeiro da 4blue;1.0
1158;2;yampa - software financeiro da 4blue;45.5
1159;2;yampa - software financeiro da 4blue;45.5
1160;2;yampa - software financeiro da 4blue;1.0
1162;2;yampa - software financeiro da 4blue;45.5
1163;2;yampa - software financeiro da 4blue;145.0
1166;2;yampa - software financeiro da 4blue;45.5
1173;2;yampa - software financeiro da 4blue;45.5
1175;2;yampa - software financeiro da 4blue;45.5
1176;2;yampa - software financeiro da 4blue;45.5
1177;2;yampa - software financeiro da 4blue;45.5
1178;2;yampa - software financeiro da 4blue;45.5
1179;2;yampa - software financeiro da 4blue;45.5
1182;1;Iluminismo Financeiro 2.1;445.0
1183;2;yampa - software financeiro da 4blue;45.5
1185;2;yampa - software financeiro da 4blue;45.5
1187;2;yampa - software financeiro da 4blue;45.5
1188;2;yampa - software financeiro da 4blue;45.5
1190;2;yampa - software financeiro da 4blue;145.0
1191;2;yampa - software financeiro da 4blue;45.5
1199;2;yampa - software financeiro da 4blue;45.5
1200;2;yampa - software financeiro da 4blue;45.5
1201;2;yampa - software financeiro da 4blue;45.5
1202;13;Curso de Precificação para Produtos e Serviços;55.0
1203;2;yampa - software financeiro da 4blue;45.5
1205;2;yampa - software financeiro da 4blue;45.5
1211;2;yampa - software financeiro da 4blue;45.5
1212;2;yampa - software financeiro da 4blue;1.0
1213;2;yampa - software financeiro da 4blue;45.5
1215;2;yampa - software financeiro da 4blue;45.5
1221;2;yampa - software financeiro da 4blue;45.5
1222;2;yampa - software financeiro da 4blue;45.5
1224;13;Curso de Precificação para Produtos e Serviços;357.0
1226;2;yampa - software financeiro da 4blue;1.0
1227;25;Curso de Produtividade e Gestão do Tempo para Empreendedores;147.0
1228;16;Gestão Financeira Lucrativa 3.0;557.0
1231;1;Iluminismo Financeiro 2.1;445.0
1232;2;yampa - software financeiro da 4blue;45.5
1233;2;yampa - software financeiro da 4blue;45.5
1235;2;yampa - software financeiro da 4blue;45.5
1236;2;yampa - software financeiro da 4blue;45.5
1237;2;yampa - software financeiro da 4blue;45.5
1238;2;yampa - software financeiro da 4blue;45.5
1239;2;yampa - software financeiro da 4blue;45.5
1242;2;yampa - software financeiro da 4blue;45.5
1243;2;yampa - software financeiro da 4blue;45.5
1244;2;yampa - software financeiro da 4blue;45.5
1247;2;yampa - software financeiro da 4blue;45.5
1248;2;yampa - software financeiro da 4blue;45.5
1249;2;yampa - software financeiro da 4blue;45.5
1254;13;Curso de Precificação para Produtos e Serviços;357.0
1255;2;yampa - software financeiro da 4blue;45.5
1256;16;Gestão Financeira Lucrativa 3.0;557.0
1257;2;yampa - software financeiro da 4blue;45.5
1258;27;Ferramenta: Turbinador de Lucros!;55.0
1259;13;Curso de Precificação para Produtos e Serviços;357.0
1260;13;Curso de Precificação para Produtos e Serviços;55.0
1261;2;yampa - software financeiro da 4blue;145.0
1263;2;yampa - software financeiro da 4blue;450.0
1265;2;yampa - software financeiro da 4blue;45.5
1267;2;yampa - software financeiro da 4blue;45.5
1268;2;yampa - software financeiro da 4blue;45.5
1269;2;yampa - software financeiro da 4blue;45.5
1270;2;yampa - software financeiro da 4blue;45.5
1271;2;yampa - software financeiro da 4blue;45.5
1272;2;yampa - software financeiro da 4blue;45.5
1273;2;yampa - software financeiro da 4blue;45.5
1274;2;yampa - software financeiro da 4blue;45.5
1275;2;yampa - software financeiro da 4blue;45.5
1277;2;yampa - software financeiro da 4blue;1.0
1278;2;yampa - software financeiro da 4blue;45.5
1280;2;yampa - software financeiro da 4blue;45.5
1281;2;yampa - software financeiro da 4blue;45.5
1282;2;yampa - software financeiro da 4blue;45.5
1284;2;yampa - software financeiro da 4blue;45.5
1288;2;yampa - software financeiro da 4blue;45.5
1289;2;yampa - software financeiro da 4blue;45.5
1291;2;yampa - software financeiro da 4blue;45.5
1293;16;Gestão Financeira Lucrativa 3.0;557.0
1294;16;Gestão Financeira Lucrativa 3.0;557.0
1296;2;yampa - software financeiro da 4blue;45.5
1299;2;yampa - software financeiro da 4blue;45.5
1300;2;yampa - software financeiro da 4blue;1.0
1301;5;Gestão Financeira Lucrativa 2.0;157.0
1302;28;Como Criar uma Consultoria de Sucesso;450.0
1303;16;Gestão Financeira Lucrativa 3.0;557.0
1310;2;yampa - software financeiro da 4blue;45.5
1311;16;Gestão Financeira Lucrativa 3.0;557.0
1312;2;yampa - software financeiro da 4blue;45.5
1313;2;yampa - software financeiro da 4blue;45.5
1314;2;yampa - software financeiro da 4blue;45.5
1315;2;yampa - software financeiro da 4blue;1.0
1317;2;yampa - software financeiro da 4blue;45.5
1318;2;yampa - software financeiro da 4blue;1.0
1320;2;yampa - software financeiro da 4blue;45.5
1321;2;yampa - software financeiro da 4blue;45.5
1322;2;yampa - software financeiro da 4blue;45.5
1323;2;yampa - software financeiro da 4blue;45.5
1324;16;Gestão Financeira Lucrativa 3.0;557.0
1325;2;yampa - software financeiro da 4blue;45.5
1327;2;yampa - software financeiro da 4blue;45.5
1328;2;yampa - software financeiro da 4blue;45.5
1329;2;yampa - software financeiro da 4blue;45.5
1332;2;yampa - software financeiro da 4blue;45.5
1337;2;yampa - software financeiro da 4blue;45.5
1338;2;yampa - software financeiro da 4blue;45.5
1340;2;yampa - software financeiro da 4blue;45.5
1341;2;yampa - software financeiro da 4blue;1.0
1342;2;yampa - software financeiro da 4blue;45.5
1345;2;yampa - software financeiro da 4blue;45.5
1346;2;yampa - software financeiro da 4blue;1.0
1347;16;Gestão Financeira Lucrativa 3.0;557.0
1349;2;yampa - software financeiro da 4blue;1.0
1351;2;yampa - software financeiro da 4blue;145.0
1352;2;yampa - software financeiro da 4blue;45.5
1354;16;Gestão Financeira Lucrativa 3.0;557.0
1356;16;Gestão Financeira Lucrativa 3.0;557.0
1357;16;Gestão Financeira Lucrativa 3.0;557.0
1358;2;yampa - software financeiro da 4blue;45.5
1359;1;Iluminismo Financeiro 2.1;4154.1
1361;2;yampa - software financeiro da 4blue;45.5
1362;2;yampa - software financeiro da 4blue;45.5
1363;16;Gestão Financeira Lucrativa 3.0;357.0
1365;2;yampa - software financeiro da 4blue;45.5
1366;2;yampa - software financeiro da 4blue;45.5
1367;2;yampa - software financeiro da 4blue;45.5
1369;2;yampa - software financeiro da 4blue;1.0
1370;2;yampa - software financeiro da 4blue;45.5
1373;2;yampa - software financeiro da 4blue;45.5
1375;2;yampa - software financeiro da 4blue;1.0
1377;2;yampa - software financeiro da 4blue;45.5
1379;2;yampa - software financeiro da 4blue;45.5
1381;14;Iluminismo Financeiro 2.0;300.0
1382;13;Curso de Precificação para Produtos e Serviços;357.0
1387;2;yampa - software financeiro da 4blue;45.5
1388;2;yampa - software financeiro da 4blue;45.5
1390;2;yampa - software financeiro da 4blue;45.5
1392;2;yampa - software financeiro da 4blue;145.0
1393;2;yampa - software financeiro da 4blue;45.5
1395;16;Gestão Financeira Lucrativa 3.0;557.0
1396;2;yampa - software financeiro da 4blue;450.0
1398;2;yampa - software financeiro da 4blue;45.5
1399;2;yampa - software financeiro da 4blue;45.5
1401;2;yampa - software financeiro da 4blue;1.0
1402;1;Iluminismo Financeiro 2.1;445.0
1403;16;Gestão Financeira Lucrativa 3.0;557.0
1404;16;Gestão Financeira Lucrativa 3.0;557.0
1405;16;Gestão Financeira Lucrativa 3.0;557.0
1406;16;Gestão Financeira Lucrativa 3.0;557.0
1411;16;Gestão Financeira Lucrativa 3.0;557.0
1412;2;yampa - software financeiro da 4blue;1.0
1414;16;Gestão Financeira Lucrativa 3.0;557.0
1418;16;Gestão Financeira Lucrativa 3.0;557.0
1419;16;Gestão Financeira Lucrativa 3.0;557.0
1422;16;Gestão Financeira Lucrativa 3.0;557.0
1424;16;Gestão Financeira Lucrativa 3.0;557.0
1429;2;yampa - software financeiro da 4blue;450.0
1438;16;Gestão Financeira Lucrativa 3.0;557.0
1442;16;Gestão Financeira Lucrativa 3.0;557.0
1444;16;Gestão Financeira Lucrativa 3.0;557.0
1451;16;Gestão Financeira Lucrativa 3.0;557.0
1452;16;Gestão Financeira Lucrativa 3.0;557.0
1453;16;Gestão Financeira Lucrativa 3.0;557.0
1456;16;Gestão Financeira Lucrativa 3.0;557.0
1457;16;Gestão Financeira Lucrativa 3.0;557.0
1461;16;Gestão Financeira Lucrativa 3.0;557.0
1462;16;Gestão Financeira Lucrativa 3.0;557.0
1464;16;Gestão Financeira Lucrativa 3.0;557.0
1470;16;Gestão Financeira Lucrativa 3.0;557.0
1475;16;Gestão Financeira Lucrativa 3.0;557.0
1477;16;Gestão Financeira Lucrativa 3.0;557.0
1478;2;yampa - software financeiro da 4blue;45.5
1481;2;yampa - software financeiro da 4blue;45.5
1482;2;yampa - software financeiro da 4blue;45.5
1488;2;yampa - software financeiro da 4blue;45.5
1490;2;yampa - software financeiro da 4blue;45.5
1492;2;yampa - software financeiro da 4blue;45.5
1493;2;yampa - software financeiro da 4blue;45.5
1494;2;yampa - software financeiro da 4blue;45.5
1495;2;yampa - software financeiro da 4blue;1.0
1496;2;yampa - software financeiro da 4blue;45.5
1497;2;yampa - software financeiro da 4blue;45.5
1498;2;yampa - software financeiro da 4blue;1.0
1499;2;yampa - software financeiro da 4blue;45.5
1500;2;yampa - software financeiro da 4blue;145.0
1501;14;Iluminismo Financeiro 2.0;555.0
1502;2;yampa - software financeiro da 4blue;45.5
1503;2;yampa - software financeiro da 4blue;45.5
1504;2;yampa - software financeiro da 4blue;45.5
1505;2;yampa - software financeiro da 4blue;45.5
1506;2;yampa - software financeiro da 4blue;1.0
1508;2;yampa - software financeiro da 4blue;45.5
1511;2;yampa - software financeiro da 4blue;45.5
1512;2;yampa - software financeiro da 4blue;45.5
1513;2;yampa - software financeiro da 4blue;45.5
1515;27;Ferramenta: Turbinador de Lucros!;55.0
1516;2;yampa - software financeiro da 4blue;145.0
1518;2;yampa - software financeiro da 4blue;45.5
1519;2;yampa - software financeiro da 4blue;45.5
1521;2;yampa - software financeiro da 4blue;45.5
1522;2;yampa - software financeiro da 4blue;45.5
1523;2;yampa - software financeiro da 4blue;45.5
1524;2;yampa - software financeiro da 4blue;45.5
1525;2;yampa - software financeiro da 4blue;45.5
1526;2;yampa - software financeiro da 4blue;145.0
1528;1;Iluminismo Financeiro 2.1;455.0
1530;2;yampa - software financeiro da 4blue;45.5
1531;2;yampa - software financeiro da 4blue;45.5
1536;2;yampa - software financeiro da 4blue;45.5
1537;2;yampa - software financeiro da 4blue;1.0
1538;2;yampa - software financeiro da 4blue;45.5
1540;2;yampa - software financeiro da 4blue;1.0
1541;2;yampa - software financeiro da 4blue;45.5
1542;2;yampa - software financeiro da 4blue;45.5
1543;2;yampa - software financeiro da 4blue;45.5
1544;2;yampa - software financeiro da 4blue;1.0
1546;2;yampa - software financeiro da 4blue;45.5
1547;2;yampa - software financeiro da 4blue;45.5
1549;2;yampa - software financeiro da 4blue;1.0
1551;2;yampa - software financeiro da 4blue;45.5
1553;2;yampa - software financeiro da 4blue;45.5
1554;2;yampa - software financeiro da 4blue;45.5
1555;2;yampa - software financeiro da 4blue;45.5
1556;2;yampa - software financeiro da 4blue;45.5
1561;2;yampa - software financeiro da 4blue;1.0
1562;2;yampa - software financeiro da 4blue;45.5
1563;14;Iluminismo Financeiro 2.0;355.0
1565;2;yampa - software financeiro da 4blue;45.5
1568;2;yampa - software financeiro da 4blue;45.5
1571;2;yampa - software financeiro da 4blue;45.5
1572;2;yampa - software financeiro da 4blue;45.5
1573;2;yampa - software financeiro da 4blue;35.5
1574;2;yampa - software financeiro da 4blue;45.5
1576;2;yampa - software financeiro da 4blue;45.5
1578;2;yampa - software financeiro da 4blue;45.5
1579;2;yampa - software financeiro da 4blue;45.5
1588;2;yampa - software financeiro da 4blue;45.5
1590;2;yampa - software financeiro da 4blue;45.5
1592;2;yampa - software financeiro da 4blue;35.5
1593;2;yampa - software financeiro da 4blue;45.5
1594;2;yampa - software financeiro da 4blue;45.5
1596;2;yampa - software financeiro da 4blue;45.5
1601;2;yampa - software financeiro da 4blue;145.0
1602;2;yampa - software financeiro da 4blue;45.5
1610;2;yampa - software financeiro da 4blue;1.0
1612;2;yampa - software financeiro da 4blue;45.5
1613;2;yampa - software financeiro da 4blue;45.5
1614;2;yampa - software financeiro da 4blue;45.5
1618;2;yampa - software financeiro da 4blue;45.5
1620;2;yampa - software financeiro da 4blue;45.5
1621;2;yampa - software financeiro da 4blue;45.5
1623;2;yampa - software financeiro da 4blue;45.5
1624;2;yampa - software financeiro da 4blue;145.0
1625;2;yampa - software financeiro da 4blue;145.0
1633;2;yampa - software financeiro da 4blue;45.5
1634;2;yampa - software financeiro da 4blue;45.5
1635;2;yampa - software financeiro da 4blue;1.0
1636;2;yampa - software financeiro da 4blue;1.0
1637;2;yampa - software financeiro da 4blue;145.0
1638;2;yampa - software financeiro da 4blue;45.5
1639;14;Iluminismo Financeiro 2.0;555.0
1640;2;yampa - software financeiro da 4blue;145.0
1641;2;yampa - software financeiro da 4blue;45.5
1643;13;Curso de Precificação para Produtos e Serviços;357.0
1645;2;yampa - software financeiro da 4blue;1.0
1646;2;yampa - software financeiro da 4blue;1.0
1647;2;yampa - software financeiro da 4blue;450.0
1649;2;yampa - software financeiro da 4blue;450.0
1650;2;yampa - software financeiro da 4blue;1.0
1652;2;yampa - software financeiro da 4blue;1.0
1653;2;yampa - software financeiro da 4blue;1.0
1654;2;yampa - software financeiro da 4blue;1.0
1655;2;yampa - software financeiro da 4blue;1.0
1657;2;yampa - software financeiro da 4blue;45.5
1658;2;yampa - software financeiro da 4blue;1.0
1659;2;yampa - software financeiro da 4blue;1.0
1660;15;Gestão Financeira Lucrativa 1.0;558.5
1663;2;yampa - software financeiro da 4blue;45.5
1665;2;yampa - software financeiro da 4blue;45.5
1667;2;yampa - software financeiro da 4blue;45.5
1668;2;yampa - software financeiro da 4blue;45.5
1669;2;yampa - software financeiro da 4blue;45.5
1670;2;yampa - software financeiro da 4blue;45.5
1671;2;yampa - software financeiro da 4blue;145.0
1672;2;yampa - software financeiro da 4blue;1.0
1675;2;yampa - software financeiro da 4blue;45.5
1676;2;yampa - software financeiro da 4blue;45.5
1677;2;yampa - software financeiro da 4blue;45.5
1678;2;yampa - software financeiro da 4blue;45.5
1679;2;yampa - software financeiro da 4blue;45.5
1681;2;yampa - software financeiro da 4blue;45.5
1683;2;yampa - software financeiro da 4blue;45.5
1684;2;yampa - software financeiro da 4blue;45.5
1685;2;yampa - software financeiro da 4blue;45.5
1686;2;yampa - software financeiro da 4blue;45.5
1687;2;yampa - software financeiro da 4blue;45.5
1688;2;yampa - software financeiro da 4blue;45.5
1689;2;yampa - software financeiro da 4blue;45.5
1690;2;yampa - software financeiro da 4blue;1.0
1691;2;yampa - software financeiro da 4blue;1.0
1692;2;yampa - software financeiro da 4blue;45.5
1693;2;yampa - software financeiro da 4blue;1.0
1695;2;yampa - software financeiro da 4blue;1.0
1696;2;yampa - software financeiro da 4blue;45.5
1701;2;yampa - software financeiro da 4blue;1.0
1702;2;yampa - software financeiro da 4blue;45.5
1710;2;yampa - software financeiro da 4blue;45.5
1711;2;yampa - software financeiro da 4blue;45.5
1712;2;yampa - software financeiro da 4blue;45.5
1713;2;yampa - software financeiro da 4blue;45.5
1714;2;yampa - software financeiro da 4blue;45.5
1717;2;yampa - software financeiro da 4blue;45.5
1718;2;yampa - software financeiro da 4blue;45.5
1720;2;yampa - software financeiro da 4blue;45.5
1721;2;yampa - software financeiro da 4blue;45.5
1725;2;yampa - software financeiro da 4blue;45.5
1727;2;yampa - software financeiro da 4blue;45.5
1729;2;yampa - software financeiro da 4blue;45.5
1730;2;yampa - software financeiro da 4blue;45.5
1733;2;yampa - software financeiro da 4blue;45.5
1734;2;yampa - software financeiro da 4blue;1.0
1740;2;yampa - software financeiro da 4blue;45.5
1741;2;yampa - software financeiro da 4blue;45.5
1742;2;yampa - software financeiro da 4blue;45.5
1743;2;yampa - software financeiro da 4blue;45.5
1744;2;yampa - software financeiro da 4blue;45.5
1745;2;yampa - software financeiro da 4blue;45.5
1746;2;yampa - software financeiro da 4blue;45.5
1749;2;yampa - software financeiro da 4blue;45.5
1750;2;yampa - software financeiro da 4blue;45.5
1751;2;yampa - software financeiro da 4blue;45.5
1753;2;yampa - software financeiro da 4blue;45.5
1754;2;yampa - software financeiro da 4blue;75.5
1755;2;yampa - software financeiro da 4blue;45.5
1757;2;yampa - software financeiro da 4blue;45.5
1758;2;yampa - software financeiro da 4blue;45.5
1759;2;yampa - software financeiro da 4blue;1.0
1762;2;yampa - software financeiro da 4blue;45.5
1763;2;yampa - software financeiro da 4blue;45.5
1764;2;yampa - software financeiro da 4blue;45.5
1767;2;yampa - software financeiro da 4blue;45.5
1768;2;yampa - software financeiro da 4blue;45.5
1770;2;yampa - software financeiro da 4blue;45.5
1771;2;yampa - software financeiro da 4blue;45.5
1772;2;yampa - software financeiro da 4blue;45.5
1773;2;yampa - software financeiro da 4blue;45.5
1774;2;yampa - software financeiro da 4blue;1.0
1777;2;yampa - software financeiro da 4blue;1.0
1778;2;yampa - software financeiro da 4blue;1.0
1779;2;yampa - software financeiro da 4blue;145.0
1781;13;Curso de Precificação para Produtos e Serviços;357.0
1783;2;yampa - software financeiro da 4blue;145.0
1786;2;yampa - software financeiro da 4blue;1.0
1787;2;yampa - software financeiro da 4blue;45.5
1788;2;yampa - software financeiro da 4blue;1.0
1789;2;yampa - software financeiro da 4blue;1.0
1790;2;yampa - software financeiro da 4blue;45.5
1791;2;yampa - software financeiro da 4blue;45.5
1792;2;yampa - software financeiro da 4blue;45.5
1793;2;yampa - software financeiro da 4blue;45.5
1794;2;yampa - software financeiro da 4blue;45.5
1795;2;yampa - software financeiro da 4blue;45.5
1796;2;yampa - software financeiro da 4blue;45.5
1797;2;yampa - software financeiro da 4blue;45.5
1799;2;yampa - software financeiro da 4blue;45.5
1800;2;yampa - software financeiro da 4blue;45.5
1802;2;yampa - software financeiro da 4blue;45.5
1803;2;yampa - software financeiro da 4blue;145.0
1804;2;yampa - software financeiro da 4blue;45.5
1806;2;yampa - software financeiro da 4blue;45.5
1807;2;yampa - software financeiro da 4blue;45.5
1809;2;yampa - software financeiro da 4blue;45.5
1811;2;yampa - software financeiro da 4blue;45.5
1812;2;yampa - software financeiro da 4blue;45.5
1814;2;yampa - software financeiro da 4blue;45.5
1815;2;yampa - software financeiro da 4blue;45.5
1816;2;yampa - software financeiro da 4blue;45.5
1817;2;yampa - software financeiro da 4blue;145.0
1818;2;yampa - software financeiro da 4blue;145.0
1820;2;yampa - software financeiro da 4blue;45.5
1822;2;yampa - software financeiro da 4blue;45.5
1826;2;yampa - software financeiro da 4blue;45.5
1827;27;Ferramenta: Turbinador de Lucros!;55.0
1828;2;yampa - software financeiro da 4blue;1.0
1832;2;yampa - software financeiro da 4blue;45.5
1835;2;yampa - software financeiro da 4blue;45.5
1837;2;yampa - software financeiro da 4blue;450.0
1839;2;yampa - software financeiro da 4blue;45.5
1840;2;yampa - software financeiro da 4blue;45.5
1841;2;yampa - software financeiro da 4blue;45.5
1842;2;yampa - software financeiro da 4blue;45.5
1843;2;yampa - software financeiro da 4blue;45.5
1846;2;yampa - software financeiro da 4blue;45.5
1850;2;yampa - software financeiro da 4blue;45.5
1851;2;yampa - software financeiro da 4blue;45.5
1852;2;yampa - software financeiro da 4blue;45.5
1853;2;yampa - software financeiro da 4blue;55.5
1854;2;yampa - software financeiro da 4blue;45.5
1855;2;yampa - software financeiro da 4blue;145.0
1856;2;yampa - software financeiro da 4blue;45.5
1857;2;yampa - software financeiro da 4blue;45.5
1858;2;yampa - software financeiro da 4blue;35.5
1859;2;yampa - software financeiro da 4blue;45.5
1860;2;yampa - software financeiro da 4blue;35.5
1862;2;yampa - software financeiro da 4blue;45.5
1863;2;yampa - software financeiro da 4blue;45.5
1865;2;yampa - software financeiro da 4blue;45.5
1866;2;yampa - software financeiro da 4blue;45.5
1867;2;yampa - software financeiro da 4blue;145.0
1868;2;yampa - software financeiro da 4blue;145.0
1871;2;yampa - software financeiro da 4blue;1.0
1873;2;yampa - software financeiro da 4blue;45.5
1875;2;yampa - software financeiro da 4blue;45.5
1876;14;Iluminismo Financeiro 2.0;455.0
1879;2;yampa - software financeiro da 4blue;45.5
1880;2;yampa - software financeiro da 4blue;45.5
1881;2;yampa - software financeiro da 4blue;45.5
1884;2;yampa - software financeiro da 4blue;45.5
1886;2;yampa - software financeiro da 4blue;45.5
1888;2;yampa - software financeiro da 4blue;45.5
1889;2;yampa - software financeiro da 4blue;45.5
1890;2;yampa - software financeiro da 4blue;45.5
1891;2;yampa - software financeiro da 4blue;45.5
1895;2;yampa - software financeiro da 4blue;45.5
1901;2;yampa - software financeiro da 4blue;45.5
1904;2;yampa - software financeiro da 4blue;45.5
1906;2;yampa - software financeiro da 4blue;1.0
1910;2;yampa - software financeiro da 4blue;45.5
1912;2;yampa - software financeiro da 4blue;1.0
1914;13;Curso de Precificação para Produtos e Serviços;357.0
1915;2;yampa - software financeiro da 4blue;1.0
1918;2;yampa - software financeiro da 4blue;1.0
1919;2;yampa - software financeiro da 4blue;1.0
1920;2;yampa - software financeiro da 4blue;1.0
1921;2;yampa - software financeiro da 4blue;1.0
1922;2;yampa - software financeiro da 4blue;145.0
1923;2;yampa - software financeiro da 4blue;45.5
1924;2;yampa - software financeiro da 4blue;45.5
1926;2;yampa - software financeiro da 4blue;45.5
1927;2;yampa - software financeiro da 4blue;1.0
1928;2;yampa - software financeiro da 4blue;45.5
1929;2;yampa - software financeiro da 4blue;45.5
1930;2;yampa - software financeiro da 4blue;1.0
1932;2;yampa - software financeiro da 4blue;1.0
1933;2;yampa - software financeiro da 4blue;1.0
1934;2;yampa - software financeiro da 4blue;145.0
1935;2;yampa - software financeiro da 4blue;1.0
1937;2;yampa - software financeiro da 4blue;45.5
1938;2;yampa - software financeiro da 4blue;145.0
1940;2;yampa - software financeiro da 4blue;1.0
1941;2;yampa - software financeiro da 4blue;145.0
1942;2;yampa - software financeiro da 4blue;45.5
1943;2;yampa - software financeiro da 4blue;45.5
1944;2;yampa - software financeiro da 4blue;45.5
1945;2;yampa - software financeiro da 4blue;1.0
1947;2;yampa - software financeiro da 4blue;45.5
1948;2;yampa - software financeiro da 4blue;1.0
1949;2;yampa - software financeiro da 4blue;45.5
1950;2;yampa - software financeiro da 4blue;35.5
1953;2;yampa - software financeiro da 4blue;45.5
1954;2;yampa - software financeiro da 4blue;45.5
1955;2;yampa - software financeiro da 4blue;45.5
1956;2;yampa - software financeiro da 4blue;45.5
1957;2;yampa - software financeiro da 4blue;45.5
1958;2;yampa - software financeiro da 4blue;45.5
1959;2;yampa - software financeiro da 4blue;45.5
1960;2;yampa - software financeiro da 4blue;45.5
1961;2;yampa - software financeiro da 4blue;45.5
1962;2;yampa - software financeiro da 4blue;45.5
1963;2;yampa - software financeiro da 4blue;450.0
1964;2;yampa - software financeiro da 4blue;45.5
1965;2;yampa - software financeiro da 4blue;45.5
1967;2;yampa - software financeiro da 4blue;45.5
1968;2;yampa - software financeiro da 4blue;145.0
1971;2;yampa - software financeiro da 4blue;45.5
1975;17;Precificação para Serviços;157.0
1976;2;yampa - software financeiro da 4blue;45.5
1979;2;yampa - software financeiro da 4blue;45.5
1980;2;yampa - software financeiro da 4blue;45.5
1981;2;yampa - software financeiro da 4blue;45.5
1983;2;yampa - software financeiro da 4blue;45.5
1984;2;yampa - software financeiro da 4blue;1.0
1985;7;Finanças 4you -  Curso de Finanças Pessoais da 4blue;145.0
1986;13;Curso de Precificação para Produtos e Serviços;357.0
1987;2;yampa - software financeiro da 4blue;450.0
1989;15;Gestão Financeira Lucrativa 1.0;757.0
1990;2;yampa - software financeiro da 4blue;45.5
1991;2;yampa - software financeiro da 4blue;1.0
1992;2;yampa - software financeiro da 4blue;145.0
1993;2;yampa - software financeiro da 4blue;145.0
1994;2;yampa - software financeiro da 4blue;1.0
1995;2;yampa - software financeiro da 4blue;145.0
1996;2;yampa - software financeiro da 4blue;145.0
1997;2;yampa - software financeiro da 4blue;145.0
1998;2;yampa - software financeiro da 4blue;450.0
1999;13;Curso de Precificação para Produtos e Serviços;357.0
2000;2;yampa - software financeiro da 4blue;145.0
2001;2;yampa - software financeiro da 4blue;145.0
2002;1;Iluminismo Financeiro 2.1;5417.04
2003;2;yampa - software financeiro da 4blue;1.0
2006;2;yampa - software financeiro da 4blue;1.0
2007;15;Gestão Financeira Lucrativa 1.0;757.0
2008;2;yampa - software financeiro da 4blue;45.5
2009;2;yampa - software financeiro da 4blue;1.0
2010;2;yampa - software financeiro da 4blue;45.5
2011;2;yampa - software financeiro da 4blue;1.0
2012;2;yampa - software financeiro da 4blue;1.0
2013;2;yampa - software financeiro da 4blue;45.5
2014;2;yampa - software financeiro da 4blue;45.5
2015;2;yampa - software financeiro da 4blue;45.5
2017;1;Iluminismo Financeiro 2.1;355.0
2018;2;yampa - software financeiro da 4blue;45.5
2020;2;yampa - software financeiro da 4blue;45.5
2022;2;yampa - software financeiro da 4blue;45.5
2023;2;yampa - software financeiro da 4blue;1.0
2024;2;yampa - software financeiro da 4blue;45.5
2025;2;yampa - software financeiro da 4blue;45.5
2026;2;yampa - software financeiro da 4blue;45.5
2027;15;Gestão Financeira Lucrativa 1.0;757.0
2028;2;yampa - software financeiro da 4blue;45.5
2030;2;yampa - software financeiro da 4blue;45.5
2031;2;yampa - software financeiro da 4blue;45.5
2033;2;yampa - software financeiro da 4blue;45.5
2034;2;yampa - software financeiro da 4blue;45.5
2035;2;yampa - software financeiro da 4blue;45.5
2036;2;yampa - software financeiro da 4blue;45.5
2037;2;yampa - software financeiro da 4blue;45.5
2039;2;yampa - software financeiro da 4blue;45.5
2040;14;Iluminismo Financeiro 2.0;455.0
2041;2;yampa - software financeiro da 4blue;45.5
2044;2;yampa - software financeiro da 4blue;1.0
2046;15;Gestão Financeira Lucrativa 1.0;757.0
2047;11;Curso de Controle Financeiro e Fluxo de Caixa;357.0
2048;2;yampa - software financeiro da 4blue;1.0
2049;2;yampa - software financeiro da 4blue;145.0
2050;2;yampa - software financeiro da 4blue;145.0
2051;2;yampa - software financeiro da 4blue;145.0
2052;11;Curso de Controle Financeiro e Fluxo de Caixa;357.0
2053;13;Curso de Precificação para Produtos e Serviços;357.0
2055;2;yampa - software financeiro da 4blue;45.5
2058;2;yampa - software financeiro da 4blue;1.0
2059;2;yampa - software financeiro da 4blue;145.0
2061;15;Gestão Financeira Lucrativa 1.0;757.0
2063;14;Iluminismo Financeiro 2.0;555.0
2067;11;Curso de Controle Financeiro e Fluxo de Caixa;357.0
2068;11;Curso de Controle Financeiro e Fluxo de Caixa;357.0
2069;2;yampa - software financeiro da 4blue;145.0
2071;13;Curso de Precificação para Produtos e Serviços;357.0
2074;1;Iluminismo Financeiro 2.1;445.0
2075;15;Gestão Financeira Lucrativa 1.0;757.0
2076;2;yampa - software financeiro da 4blue;1.0
2077;2;yampa - software financeiro da 4blue;1.0
2078;15;Gestão Financeira Lucrativa 1.0;757.0
2079;2;yampa - software financeiro da 4blue;145.0
2080;15;Gestão Financeira Lucrativa 1.0;757.0
2082;15;Gestão Financeira Lucrativa 1.0;757.0
2092;2;yampa - software financeiro da 4blue;145.0
2093;11;Curso de Controle Financeiro e Fluxo de Caixa;357.0
2094;15;Gestão Financeira Lucrativa 1.0;757.0
2095;15;Gestão Financeira Lucrativa 1.0;757.0
2096;7;Finanças 4you -  Curso de Finanças Pessoais da 4blue;145.0
2097;15;Gestão Financeira Lucrativa 1.0;757.0
2098;2;yampa - software financeiro da 4blue;145.0
2099;2;yampa - software financeiro da 4blue;145.0
2100;2;yampa - software financeiro da 4blue;145.0
2101;2;yampa - software financeiro da 4blue;145.0
2102;15;Gestão Financeira Lucrativa 1.0;757.0
2104;15;Gestão Financeira Lucrativa 1.0;757.0
2106;2;yampa - software financeiro da 4blue;145.0
2108;2;yampa - software financeiro da 4blue;145.0
2109;13;Curso de Precificação para Produtos e Serviços;357.0
2111;15;Gestão Financeira Lucrativa 1.0;757.0
2112;15;Gestão Financeira Lucrativa 1.0;757.0
2115;11;Curso de Controle Financeiro e Fluxo de Caixa;357.0
2116;2;yampa - software financeiro da 4blue;145.0
2117;11;Curso de Controle Financeiro e Fluxo de Caixa;357.0
2118;11;Curso de Controle Financeiro e Fluxo de Caixa;357.0
2119;13;Curso de Precificação para Produtos e Serviços;357.0
2120;7;Finanças 4you -  Curso de Finanças Pessoais da 4blue;145.0
2124;2;yampa - software financeiro da 4blue;145.0
2125;2;yampa - software financeiro da 4blue;145.0
2126;15;Gestão Financeira Lucrativa 1.0;757.0
2127;2;yampa - software financeiro da 4blue;145.0
2128;15;Gestão Financeira Lucrativa 1.0;155.0
2129;15;Gestão Financeira Lucrativa 1.0;344.7
2130;11;Curso de Controle Financeiro e Fluxo de Caixa;357.0
2131;15;Gestão Financeira Lucrativa 1.0;757.0
2133;13;Curso de Precificação para Produtos e Serviços;357.0
2134;11;Curso de Controle Financeiro e Fluxo de Caixa;357.0
2135;2;yampa - software financeiro da 4blue;1.0
2136;2;yampa - software financeiro da 4blue;145.0
2137;2;yampa - software financeiro da 4blue;145.0
2138;2;yampa - software financeiro da 4blue;145.0
2141;2;yampa - software financeiro da 4blue;145.0
2147;2;yampa - software financeiro da 4blue;145.0
2148;11;Curso de Controle Financeiro e Fluxo de Caixa;357.0
2149;2;yampa - software financeiro da 4blue;145.0
2150;13;Curso de Precificação para Produtos e Serviços;357.0
2152;2;yampa - software financeiro da 4blue;145.0
2153;2;yampa - software financeiro da 4blue;145.0
2154;2;yampa - software financeiro da 4blue;1.0
2155;15;Gestão Financeira Lucrativa 1.0;757.0
2158;15;Gestão Financeira Lucrativa 1.0;757.0
2160;2;yampa - software financeiro da 4blue;145.0
2161;2;yampa - software financeiro da 4blue;145.0
2162;15;Gestão Financeira Lucrativa 1.0;757.0
2164;7;Finanças 4you -  Curso de Finanças Pessoais da 4blue;145.0
2165;15;Gestão Financeira Lucrativa 1.0;757.0
2166;15;Gestão Financeira Lucrativa 1.0;757.0
2167;11;Curso de Controle Financeiro e Fluxo de Caixa;357.0
2168;2;yampa - software financeiro da 4blue;145.0
2169;2;yampa - software financeiro da 4blue;145.0
2171;2;yampa - software financeiro da 4blue;145.0
2172;2;yampa - software financeiro da 4blue;145.0
2173;2;yampa - software financeiro da 4blue;145.0
2176;2;yampa - software financeiro da 4blue;145.0
2179;2;yampa - software financeiro da 4blue;145.0
2180;2;yampa - software financeiro da 4blue;145.0
2181;2;yampa - software financeiro da 4blue;145.0
2183;2;yampa - software financeiro da 4blue;145.0
2186;2;yampa - software financeiro da 4blue;145.0
2187;2;yampa - software financeiro da 4blue;45.5
2188;2;yampa - software financeiro da 4blue;45.5
2189;2;yampa - software financeiro da 4blue;145.0
2190;2;yampa - software financeiro da 4blue;145.0
2191;11;Curso de Controle Financeiro e Fluxo de Caixa;357.0
2193;2;yampa - software financeiro da 4blue;145.0
2194;15;Gestão Financeira Lucrativa 1.0;358.5
2195;2;yampa - software financeiro da 4blue;145.0
2196;15;Gestão Financeira Lucrativa 1.0;757.0
2197;11;Curso de Controle Financeiro e Fluxo de Caixa;357.0
2198;15;Gestão Financeira Lucrativa 1.0;757.0
2199;2;yampa - software financeiro da 4blue;145.0
2200;15;Gestão Financeira Lucrativa 1.0;757.0
2201;2;yampa - software financeiro da 4blue;145.0
2202;2;yampa - software financeiro da 4blue;145.0
2203;15;Gestão Financeira Lucrativa 1.0;757.0
2204;2;yampa - software financeiro da 4blue;145.0
2206;15;Gestão Financeira Lucrativa 1.0;757.0
2207;2;yampa - software financeiro da 4blue;1.0
2208;2;yampa - software financeiro da 4blue;145.0
2209;2;yampa - software financeiro da 4blue;145.0
2210;15;Gestão Financeira Lucrativa 1.0;757.0
2211;2;yampa - software financeiro da 4blue;145.0
2215;7;Finanças 4you -  Curso de Finanças Pessoais da 4blue;145.0
2216;15;Gestão Financeira Lucrativa 1.0;757.0
2218;15;Gestão Financeira Lucrativa 1.0;757.0
2219;15;Gestão Financeira Lucrativa 1.0;757.0
2220;2;yampa - software financeiro da 4blue;145.0
2222;2;yampa - software financeiro da 4blue;145.0
2223;2;yampa - software financeiro da 4blue;45.5
2224;2;yampa - software financeiro da 4blue;145.0
2226;2;yampa - software financeiro da 4blue;1.0
2227;2;yampa - software financeiro da 4blue;1.0
2229;2;yampa - software financeiro da 4blue;45.5
2230;2;yampa - software financeiro da 4blue;45.5
2231;13;Curso de Precificação para Produtos e Serviços;357.0
2232;2;yampa - software financeiro da 4blue;145.0
2233;27;Ferramenta: Turbinador de Lucros!;150.0
2234;2;yampa - software financeiro da 4blue;1.0
2238;2;yampa - software financeiro da 4blue;45.5
2239;2;yampa - software financeiro da 4blue;145.0
2240;2;yampa - software financeiro da 4blue;45.5
2241;2;yampa - software financeiro da 4blue;450.0
2242;11;Curso de Controle Financeiro e Fluxo de Caixa;357.0
2243;13;Curso de Precificação para Produtos e Serviços;357.0
2244;13;Curso de Precificação para Produtos e Serviços;357.0
2245;13;Curso de Precificação para Produtos e Serviços;357.0
2246;2;yampa - software financeiro da 4blue;145.0
2247;13;Curso de Precificação para Produtos e Serviços;357.0
2249;2;yampa - software financeiro da 4blue;145.0
2250;2;yampa - software financeiro da 4blue;1.0
2252;2;yampa - software financeiro da 4blue;1.0
2253;15;Gestão Financeira Lucrativa 1.0;757.0
2254;1;Iluminismo Financeiro 2.1;455.0
2255;7;Finanças 4you -  Curso de Finanças Pessoais da 4blue;145.0
2256;15;Gestão Financeira Lucrativa 1.0;757.0
2257;13;Curso de Precificação para Produtos e Serviços;357.0
2258;15;Gestão Financeira Lucrativa 1.0;757.0
2259;15;Gestão Financeira Lucrativa 1.0;757.0
2263;2;yampa - software financeiro da 4blue;145.0
2265;13;Curso de Precificação para Produtos e Serviços;55.0
2266;2;yampa - software financeiro da 4blue;45.5
2267;2;yampa - software financeiro da 4blue;1.0
2268;11;Curso de Controle Financeiro e Fluxo de Caixa;357.0
2269;2;yampa - software financeiro da 4blue;145.0
2270;13;Curso de Precificação para Produtos e Serviços;357.0
2271;11;Curso de Controle Financeiro e Fluxo de Caixa;357.0
2272;2;yampa - software financeiro da 4blue;145.0
2273;1;Iluminismo Financeiro 2.1;455.0
2275;15;Gestão Financeira Lucrativa 1.0;757.0
2276;2;yampa - software financeiro da 4blue;1.0
2277;2;yampa - software financeiro da 4blue;145.0
2278;2;yampa - software financeiro da 4blue;145.0
2279;13;Curso de Precificação para Produtos e Serviços;357.0
2280;15;Gestão Financeira Lucrativa 1.0;757.0
2281;15;Gestão Financeira Lucrativa 1.0;757.0
2284;2;yampa - software financeiro da 4blue;145.0
2285;15;Gestão Financeira Lucrativa 1.0;757.0
2286;15;Gestão Financeira Lucrativa 1.0;757.0
2288;2;yampa - software financeiro da 4blue;145.0
2290;2;yampa - software financeiro da 4blue;45.5
2291;2;yampa - software financeiro da 4blue;1.0
2293;5;Gestão Financeira Lucrativa 2.0;401.0
2294;2;yampa - software financeiro da 4blue;1.0
2295;2;yampa - software financeiro da 4blue;1.0
2296;2;yampa - software financeiro da 4blue;145.0
2298;11;Curso de Controle Financeiro e Fluxo de Caixa;357.0
2301;2;yampa - software financeiro da 4blue;45.5
2302;2;yampa - software financeiro da 4blue;45.5
2303;2;yampa - software financeiro da 4blue;45.5
2305;13;Curso de Precificação para Produtos e Serviços;357.0
2306;1;Iluminismo Financeiro 2.1;445.0
2307;2;yampa - software financeiro da 4blue;145.0
2308;2;yampa - software financeiro da 4blue;45.5
2309;2;yampa - software financeiro da 4blue;45.5
2310;2;yampa - software financeiro da 4blue;145.0
2311;2;yampa - software financeiro da 4blue;45.5
2312;2;yampa - software financeiro da 4blue;145.0
2313;2;yampa - software financeiro da 4blue;145.0
2314;2;yampa - software financeiro da 4blue;35.5
2317;2;yampa - software financeiro da 4blue;45.5
2319;2;yampa - software financeiro da 4blue;145.0
2320;7;Finanças 4you -  Curso de Finanças Pessoais da 4blue;145.0
2324;13;Curso de Precificação para Produtos e Serviços;357.0
2325;15;Gestão Financeira Lucrativa 1.0;757.0
2327;13;Curso de Precificação para Produtos e Serviços;357.0
2329;11;Curso de Controle Financeiro e Fluxo de Caixa;357.0
2330;13;Curso de Precificação para Produtos e Serviços;357.0
2332;2;yampa - software financeiro da 4blue;145.0
2333;15;Gestão Financeira Lucrativa 1.0;757.0
2335;2;yampa - software financeiro da 4blue;1.0
2336;2;yampa - software financeiro da 4blue;145.0
2337;2;yampa - software financeiro da 4blue;145.0
2338;15;Gestão Financeira Lucrativa 1.0;757.0
2339;15;Gestão Financeira Lucrativa 1.0;757.0
2340;2;yampa - software financeiro da 4blue;145.0
2341;15;Gestão Financeira Lucrativa 1.0;757.0
2342;1;Iluminismo Financeiro 2.1;455.0
2343;15;Gestão Financeira Lucrativa 1.0;757.0
2344;2;yampa - software financeiro da 4blue;145.0
2345;11;Curso de Controle Financeiro e Fluxo de Caixa;357.0
2346;2;yampa - software financeiro da 4blue;145.0
2347;15;Gestão Financeira Lucrativa 1.0;757.0
2348;13;Curso de Precificação para Produtos e Serviços;357.0
2349;2;yampa - software financeiro da 4blue;145.0
2350;2;yampa - software financeiro da 4blue;145.0
2351;2;yampa - software financeiro da 4blue;145.0
2352;2;yampa - software financeiro da 4blue;145.0
2353;2;yampa - software financeiro da 4blue;145.0
2354;2;yampa - software financeiro da 4blue;145.0
2355;1;Iluminismo Financeiro 2.1;355.0
2356;2;yampa - software financeiro da 4blue;1.0
2358;2;yampa - software financeiro da 4blue;1.0
2359;27;Ferramenta: Turbinador de Lucros!;55.0
2361;1;Iluminismo Financeiro 2.1;4154.1
2362;2;yampa - software financeiro da 4blue;1.0
2363;2;yampa - software financeiro da 4blue;1.0
2364;2;yampa - software financeiro da 4blue;45.5
2367;2;yampa - software financeiro da 4blue;145.0
2368;2;yampa - software financeiro da 4blue;45.5
2369;2;yampa - software financeiro da 4blue;145.0
2371;2;yampa - software financeiro da 4blue;45.5
2372;2;yampa - software financeiro da 4blue;45.5
2373;2;yampa - software financeiro da 4blue;45.5
2375;2;yampa - software financeiro da 4blue;45.5
2376;2;yampa - software financeiro da 4blue;45.5
2377;13;Curso de Precificação para Produtos e Serviços;357.0
2378;2;yampa - software financeiro da 4blue;45.5
2381;2;yampa - software financeiro da 4blue;45.5
2382;2;yampa - software financeiro da 4blue;45.5
2383;2;yampa - software financeiro da 4blue;45.5
2384;2;yampa - software financeiro da 4blue;45.5
2385;2;yampa - software financeiro da 4blue;45.5
2387;2;yampa - software financeiro da 4blue;45.5
2390;2;yampa - software financeiro da 4blue;45.5
2392;2;yampa - software financeiro da 4blue;45.5
2393;2;yampa - software financeiro da 4blue;45.5
2395;2;yampa - software financeiro da 4blue;1.0
2399;13;Curso de Precificação para Produtos e Serviços;55.0
2400;2;yampa - software financeiro da 4blue;45.5
2402;2;yampa - software financeiro da 4blue;45.5
2404;2;yampa - software financeiro da 4blue;45.5
2406;2;yampa - software financeiro da 4blue;45.5
2407;2;yampa - software financeiro da 4blue;45.5
2409;2;yampa - software financeiro da 4blue;45.5
2411;2;yampa - software financeiro da 4blue;45.5
2413;2;yampa - software financeiro da 4blue;45.5
2414;2;yampa - software financeiro da 4blue;45.5
2416;2;yampa - software financeiro da 4blue;45.5
2417;14;Iluminismo Financeiro 2.0;105.0
2418;14;Iluminismo Financeiro 2.0;85.0
2419;2;yampa - software financeiro da 4blue;45.5
2420;2;yampa - software financeiro da 4blue;45.5
2421;14;Iluminismo Financeiro 2.0;85.0
2422;1;Iluminismo Financeiro 2.1;445.0
2423;14;Iluminismo Financeiro 2.0;85.0
2425;1;Iluminismo Financeiro 2.1;445.0
2426;2;yampa - software financeiro da 4blue;45.5
2428;2;yampa - software financeiro da 4blue;45.5
2431;2;yampa - software financeiro da 4blue;1.0
2432;2;yampa - software financeiro da 4blue;45.5
2433;2;yampa - software financeiro da 4blue;45.5
2434;2;yampa - software financeiro da 4blue;45.5
2438;2;yampa - software financeiro da 4blue;45.5
2441;2;yampa - software financeiro da 4blue;45.5
2444;2;yampa - software financeiro da 4blue;1.0
2446;2;yampa - software financeiro da 4blue;45.5
2447;2;yampa - software financeiro da 4blue;1.0
2461;2;yampa - software financeiro da 4blue;1.0
2467;1;Iluminismo Financeiro 2.1;455.0
2475;2;yampa - software financeiro da 4blue;1.0
2484;2;yampa - software financeiro da 4blue;45.5
2520;2;yampa - software financeiro da 4blue;145.0
2528;2;yampa - software financeiro da 4blue;1.0
2537;1;Iluminismo Financeiro 2.1;455.0
2544;2;yampa - software financeiro da 4blue;1.0
2548;2;yampa - software financeiro da 4blue;1.0
2556;2;yampa - software financeiro da 4blue;1.0
2568;2;yampa - software financeiro da 4blue;1.0
2571;1;Iluminismo Financeiro 2.1;455.0
2576;1;Iluminismo Financeiro 2.1;455.0
2581;1;Iluminismo Financeiro 2.1;455.0
2594;1;Iluminismo Financeiro 2.1;455.0
2602;1;Iluminismo Financeiro 2.1;455.0
2611;1;Iluminismo Financeiro 2.1;455.0
2615;1;Iluminismo Financeiro 2.1;455.0
2620;1;Iluminismo Financeiro 2.1;455.0
2635;1;Iluminismo Financeiro 2.1;455.0
2636;1;Iluminismo Financeiro 2.1;455.0
2638;1;Iluminismo Financeiro 2.1;455.0
2725;2;yampa - software financeiro da 4blue;145.0
3762;2;yampa - software financeiro da 4blue;145.0
3860;2;yampa - software financeiro da 4blue;145.0
4381;2;yampa - software financeiro da 4blue;145.0
